id;url;description
57f5590e-f24e-4d51-b399-4bc1ed14059a;http://bridgette.com;../fake-data/blob/hipster.txt
06eb8912-05ad-4b71-91f5-bc27ef372ecb;https://leila.info;../fake-data/blob/hipster.txt
655198d6-6668-4182-9ddd-e00021dfa37c;https://angie.biz;../fake-data/blob/hipster.txt
5d6ddac8-1645-406d-a05d-aed6b02b5225;http://oda.net;../fake-data/blob/hipster.txt
3c814ab3-e691-4efa-83c8-ad4951cf5111;http://nella.name;../fake-data/blob/hipster.txt
4afd7061-c517-4e91-a6af-3df3ae273928;https://barney.org;../fake-data/blob/hipster.txt
5471b827-58a7-4ed5-9f41-48f21114fdb1;http://gracie.biz;../fake-data/blob/hipster.txt
aaf6ba0a-c0e8-4f6d-8832-fb8f4bfb3322;http://oma.net;../fake-data/blob/hipster.txt
f362d87c-6696-4f36-aa78-19f68d228aaa;https://alexanne.name;../fake-data/blob/hipster.txt
a7681a50-21c5-45b2-9171-6a525348eca8;https://darrell.info;../fake-data/blob/hipster.txt
