id;name;description;image;image_content_type;email
7f287bff-5c10-4eb3-8d08-6d95f9c99bb8;Grass-roots;../fake-data/blob/hipster.txt;../fake-data/blob/hipster.png;image/png;Trent_MacGyver12@yahoo.com
176b40da-6959-401e-9113-42414feb2ad5;Buckinghamshire;../fake-data/blob/hipster.txt;../fake-data/blob/hipster.png;image/png;Hadley.Purdy70@yahoo.com
1d063f5a-9987-4852-90b8-899a0b5ce08b;redundant;../fake-data/blob/hipster.txt;../fake-data/blob/hipster.png;image/png;Carolanne_Feest@yahoo.com
60a9f386-3f0d-46ce-b0c4-3ebb1b580fb4;program Progressive Configuration;../fake-data/blob/hipster.txt;../fake-data/blob/hipster.png;image/png;Kris.Ebert44@yahoo.com
73ee9c37-a1f9-4c2d-b5c7-1f13c696300a;action-items Metal Universal;../fake-data/blob/hipster.txt;../fake-data/blob/hipster.png;image/png;Joseph98@hotmail.com
0f42eac2-5a1b-42cc-8d3f-4958ccc50a63;Facilitator;../fake-data/blob/hipster.txt;../fake-data/blob/hipster.png;image/png;Teresa_Mueller20@hotmail.com
8596c728-f8b5-43d1-844f-d9a1bf8a690c;Practical Boliviano Research;../fake-data/blob/hipster.txt;../fake-data/blob/hipster.png;image/png;Clovis.Dach10@gmail.com
4d953c24-8dd3-4fed-9d8a-c1a0bf984d54;Avon;../fake-data/blob/hipster.txt;../fake-data/blob/hipster.png;image/png;Trevion36@yahoo.com
992a75d2-8adf-4bd5-bfcb-5faa3964f1f7;turquoise;../fake-data/blob/hipster.txt;../fake-data/blob/hipster.png;image/png;Jefferey.Altenwerth@gmail.com
9667dd04-6523-45af-81b7-8507e0d394d3;overriding;../fake-data/blob/hipster.txt;../fake-data/blob/hipster.png;image/png;Ismael.Cummerata@yahoo.com
