id;description
fc2df1f5-0009-45e1-bdb1-3498410def45;../fake-data/blob/hipster.txt
87c01e99-0714-41e2-b544-4a4693adfe00;../fake-data/blob/hipster.txt
ba02d495-8b0d-42b2-8963-c2043ac0d7c6;../fake-data/blob/hipster.txt
1365d7a5-3d5c-4ef7-aae3-90943ea28f63;../fake-data/blob/hipster.txt
c9c3bce3-7795-47dc-8866-a1db44e1da36;../fake-data/blob/hipster.txt
54215adc-d1af-425f-9cb2-d86d311ab0b2;../fake-data/blob/hipster.txt
067e90b5-e838-4bfb-a846-4347ba26cf54;../fake-data/blob/hipster.txt
2e7b0f58-1cee-42c7-8b50-bedd531f70a2;../fake-data/blob/hipster.txt
723c5de4-76be-4649-af29-04abe5d6ce8b;../fake-data/blob/hipster.txt
5c3db04c-db8e-454e-8ec9-48b57d9dda57;../fake-data/blob/hipster.txt
